student_id,attendance_percentage,assignment_average,internal_marks,exam_average,study_hours_per_week,participation_score,previous_semester_score,risk_level
STU001,42.4,50.6,53.5,52.1,14.3,41.5,60.7,High
STU002,46.1,54.7,41.7,57.0,14.3,38.6,56.3,High
STU003,63.2,66.4,75.4,63.1,30.3,72.7,76.9,Medium
STU004,39.6,35.0,44.7,36.7,15.3,37.7,37.2,High
STU005,59.4,76.3,78.1,69.5,20.1,69.1,67.2,Medium
STU006,39.7,41.2,41.9,39.2,15.3,45.1,46.1,High
STU007,64.5,66.0,65.1,74.0,22.4,57.4,73.6,Medium
STU008,44.1,49.5,32.3,28.1,19.5,46.9,45.1,High
STU009,57.9,54.8,57.8,58.0,21.7,56.7,55.3,Medium
STU010,69.4,71.9,74.6,70.6,14.6,70.8,82.3,Medium
STU011,54.8,60.3,72.6,67.2,13.3,63.3,66.3,Medium
STU012,33.4,35.0,36.6,46.3,10.2,39.6,35.0,High
STU013,73.5,65.7,61.1,69.3,23.2,56.0,62.5,Medium
STU014,51.5,51.3,60.3,48.9,15.4,60.1,61.1,High
STU015,47.5,49.1,49.4,46.7,22.5,52.0,53.7,High
STU016,46.9,54.5,54.3,69.6,14.3,58.5,62.2,Medium
STU017,52.4,59.8,52.2,45.6,18.7,52.1,40.1,High
STU018,42.6,57.0,47.1,55.0,14.5,44.1,61.2,High
STU019,66.4,55.3,63.7,59.7,27.2,68.2,58.8,Medium
STU020,53.5,56.0,45.8,39.4,19.7,53.7,49.6,High
STU021,42.7,48.3,44.4,49.3,18.2,61.6,45.8,High
STU022,56.1,61.0,68.3,64.1,16.7,52.9,68.1,Medium
STU023,30.0,35.0,32.3,39.2,11.7,28.6,35.0,High
STU024,53.7,52.5,62.5,63.1,16.4,59.1,61.5,Medium
STU025,40.4,50.1,46.0,44.6,16.4,41.8,52.5,High
STU026,40.9,50.6,36.1,51.5,12.0,50.9,47.3,High
STU027,31.4,44.5,48.1,61.0,12.3,35.2,58.0,High
STU028,57.2,48.9,52.8,46.8,19.4,68.2,46.5,High
STU029,65.2,64.1,58.8,54.4,27.4,51.4,71.5,Medium
STU030,76.2,71.2,63.3,62.5,26.8,78.0,69.0,Medium
STU031,55.3,45.9,54.6,51.4,19.1,37.6,40.8,High
STU032,44.2,35.0,42.4,48.4,11.0,37.2,35.0,High
STU033,63.9,66.0,68.2,65.0,23.8,66.5,69.1,Medium
STU034,34.5,35.0,35.6,30.5,14.8,43.7,35.0,High
STU035,37.4,36.3,30.0,28.6,16.8,37.9,35.0,High
STU036,38.2,36.7,45.8,45.2,14.5,48.7,49.5,High
STU037,46.7,41.4,58.1,49.0,13.3,36.2,57.0,High
STU038,68.0,81.9,88.4,79.0,23.7,78.4,85.4,Low
STU039,46.3,54.9,56.4,64.8,22.7,54.9,49.9,Medium
STU040,36.3,36.6,36.0,27.8,16.1,42.2,43.5,High
STU041,40.7,40.3,37.3,26.5,17.3,42.4,35.0,High
STU042,67.7,56.6,59.0,47.1,22.5,68.7,45.4,Medium
STU043,62.8,80.0,80.0,65.6,22.8,69.6,67.9,Medium
STU044,49.0,41.0,34.4,35.0,20.8,51.2,39.4,High
STU045,56.0,57.0,52.6,48.3,20.7,50.8,48.6,High
STU046,59.7,59.9,49.1,69.6,19.3,48.5,56.1,Medium
STU047,65.6,64.3,48.4,49.0,25.9,55.4,54.4,Medium
STU048,53.5,49.8,58.7,71.3,13.7,31.2,58.4,Medium
STU049,45.2,55.6,64.5,70.3,14.7,59.6,59.1,Medium
STU050,47.8,49.5,37.4,36.2,18.9,46.6,35.0,High
STU051,77.1,75.2,74.7,82.7,27.4,72.3,69.1,Low
STU052,61.2,66.8,69.1,66.5,19.4,67.2,53.2,Medium
STU053,54.6,44.6,63.1,62.1,20.0,48.6,48.1,Medium
STU054,33.2,41.5,34.5,44.6,12.1,27.5,35.0,High
STU055,69.2,70.4,71.0,79.1,26.5,70.9,74.3,Low
STU056,33.7,41.1,33.2,42.4,19.9,36.4,37.1,High
STU057,50.8,50.9,43.9,52.4,23.3,57.3,54.1,High
STU058,73.7,57.1,69.6,55.2,20.9,57.4,70.6,Medium
STU059,63.8,61.4,60.4,72.1,20.2,62.1,65.0,Medium
STU060,54.6,59.4,77.3,81.2,19.2,59.0,81.8,Medium
STU061,47.9,44.3,38.2,53.5,16.2,43.8,39.2,High
STU062,74.4,64.3,68.8,69.7,25.9,69.7,74.7,Medium
STU063,60.9,49.0,53.9,58.8,19.8,51.2,57.5,Medium
STU064,48.7,47.6,45.6,53.2,13.8,43.1,63.2,High
STU065,45.5,35.0,49.8,45.4,12.1,39.8,42.5,High
STU066,62.0,62.2,72.0,69.2,14.6,48.9,54.9,Medium
STU067,30.0,35.0,30.0,26.4,11.7,26.4,35.0,High
STU068,31.2,35.1,32.7,38.7,16.7,32.0,35.0,High
STU069,65.7,73.3,73.2,86.3,24.1,76.2,73.4,Low
STU070,44.8,53.2,56.0,62.7,13.2,44.5,49.4,High
STU071,66.4,65.0,67.3,76.3,14.4,53.3,69.4,Medium
STU072,61.3,72.2,72.2,80.3,22.6,59.0,61.4,Medium
STU073,39.9,40.9,47.9,51.2,9.0,35.8,45.6,High
STU074,44.6,63.8,53.8,65.1,18.0,40.8,63.7,Medium
STU075,52.5,56.2,64.9,57.1,16.6,56.0,60.3,Medium
STU076,30.0,35.9,45.0,30.3,10.2,27.2,41.5,High
STU077,66.6,66.6,54.9,62.5,21.8,67.3,58.2,Medium
STU078,40.8,35.0,33.5,32.4,15.6,30.7,35.0,High
STU079,67.3,68.4,66.4,66.6,20.3,66.0,76.2,Medium
STU080,46.0,64.3,60.6,66.8,11.7,42.9,68.8,Medium
STU081,76.8,69.9,65.8,75.2,23.7,67.6,84.9,Low
STU082,50.7,37.4,38.3,48.5,21.0,61.1,45.0,High
STU083,31.9,45.5,47.8,52.5,8.7,33.2,46.5,High
STU084,62.3,76.6,83.0,68.9,21.0,61.3,75.2,Medium
STU085,53.9,47.1,49.1,50.9,21.4,61.0,55.7,High
STU086,68.0,72.1,65.4,71.9,26.5,71.0,66.0,Medium
STU087,30.0,35.0,39.5,28.0,7.4,21.7,35.0,High
STU088,42.0,41.1,47.5,65.7,12.1,35.4,54.8,High
STU089,55.4,46.2,41.7,50.3,16.2,44.9,46.8,High
STU090,36.4,39.4,38.5,55.5,10.6,39.1,41.8,High
STU091,47.0,53.7,52.6,64.7,13.5,44.0,59.4,High
STU092,54.2,46.6,40.6,59.3,14.9,47.8,58.0,High
STU093,54.3,58.9,63.5,59.3,18.8,54.9,67.2,Medium
STU094,42.2,61.9,60.9,59.1,18.3,37.2,56.6,Medium
STU095,30.0,35.0,30.0,25.0,7.4,20.0,35.0,High
STU096,46.3,38.5,45.1,39.9,12.0,38.3,52.7,High
STU097,60.8,65.3,69.1,76.8,20.0,47.7,70.1,Medium
STU098,61.8,66.9,64.8,61.7,21.6,62.4,62.8,Medium
STU099,64.0,70.7,71.9,67.1,24.2,62.3,75.6,Medium
STU100,43.6,48.4,53.6,51.2,12.6,44.2,58.2,High
STU101,38.0,38.7,37.8,49.2,11.4,43.9,39.4,High
STU102,60.9,58.9,71.6,52.7,23.4,60.0,62.5,Medium
STU103,59.1,52.8,62.6,58.2,22.3,56.6,52.1,Medium
STU104,70.0,76.2,81.1,80.3,27.4,71.1,86.6,Low
STU105,35.1,37.8,51.8,55.3,8.3,25.9,51.3,High
STU106,61.7,73.8,63.0,78.6,28.1,80.3,74.0,Medium
STU107,50.9,59.2,57.4,56.5,20.2,47.8,53.9,Medium
STU108,68.5,68.9,70.3,58.0,25.4,79.2,72.4,Medium
STU109,36.1,36.6,30.9,53.6,7.6,28.1,41.4,High
STU110,57.8,56.6,65.0,69.6,16.4,56.5,66.6,Medium
STU111,72.0,79.5,75.4,77.4,21.7,58.5,80.0,Low
STU112,30.0,35.0,39.8,27.4,12.5,33.1,35.0,High
STU113,47.0,54.5,52.5,47.4,20.6,54.5,40.7,High
STU114,51.3,49.0,39.2,37.8,17.9,48.2,36.7,High
STU115,30.0,35.0,36.4,25.0,16.9,37.0,35.0,High
STU116,78.1,76.0,77.6,68.9,29.0,74.3,78.1,Low
STU117,52.7,53.0,62.4,75.6,19.7,48.3,62.7,Medium
STU118,72.5,67.9,65.1,73.4,20.5,68.3,66.7,Medium
STU119,51.7,57.2,46.2,57.6,13.5,41.7,61.8,High
STU120,55.4,52.7,58.4,57.5,21.3,58.7,58.5,Medium
STU121,80.2,76.0,81.1,85.3,27.1,78.6,72.2,Low
STU122,36.3,43.9,42.5,42.0,11.4,38.3,47.5,High
STU123,32.1,38.1,37.1,34.1,12.0,44.2,40.0,High
STU124,55.7,63.4,58.9,73.5,21.5,64.3,70.4,Medium
STU125,38.6,38.3,47.3,46.0,11.2,36.9,47.2,High
STU126,46.6,40.6,43.6,41.3,17.9,56.2,46.5,High
STU127,52.1,49.4,48.7,48.4,16.9,43.5,47.9,High
STU128,62.8,65.6,53.5,65.8,17.6,54.1,71.0,Medium
STU129,61.6,71.8,74.3,77.5,20.3,67.5,81.8,Medium
STU130,66.1,74.3,71.6,66.5,25.5,72.3,52.2,Medium
STU131,30.0,35.0,34.9,36.0,11.4,40.1,47.8,High
STU132,60.3,62.0,66.6,57.3,19.6,65.9,68.5,Medium
STU133,79.5,63.0,60.7,61.3,29.6,71.3,61.9,Medium
STU134,30.0,35.0,31.2,25.0,6.6,22.8,35.0,High
STU135,59.6,52.5,68.2,68.8,17.4,42.4,64.8,Medium
STU136,75.4,67.3,69.6,73.6,28.7,57.9,70.0,Low
STU137,66.9,64.0,56.7,67.8,21.1,71.5,72.6,Medium
STU138,65.2,70.2,73.4,81.2,24.3,55.1,79.5,Low
STU139,37.8,50.6,54.7,70.1,13.9,37.1,56.4,High
STU140,65.7,63.5,61.3,72.0,26.2,72.9,57.6,Medium
STU141,66.8,59.0,60.7,65.7,28.1,72.1,65.3,Medium
STU142,38.1,42.5,56.5,58.0,17.7,51.1,43.4,High
STU143,43.5,38.0,32.9,41.8,21.3,48.1,35.0,High
STU144,54.6,57.3,67.8,73.7,18.2,60.5,53.6,Medium
STU145,61.5,55.8,63.1,56.7,14.7,52.9,57.6,Medium
STU146,30.0,35.7,36.5,26.8,6.1,33.6,35.0,High
STU147,41.1,35.0,38.1,28.6,14.0,36.8,35.0,High
STU148,62.8,64.4,55.0,66.5,25.4,70.6,59.8,Medium
STU149,64.8,66.2,66.0,68.8,21.0,56.6,65.5,Medium
STU150,68.9,69.6,78.7,69.2,23.0,66.5,71.9,Medium
STU151,32.3,35.0,41.9,41.5,16.1,43.6,35.0,High
STU152,54.6,48.3,53.2,40.4,20.5,60.9,39.6,High
STU153,47.1,47.9,53.3,42.5,16.9,56.0,40.6,High
STU154,30.0,35.0,30.0,33.9,4.6,30.1,35.0,High
STU155,65.2,72.1,65.6,79.4,13.1,62.4,73.3,Medium
STU156,36.3,45.6,45.9,50.7,15.8,32.8,41.7,High
STU157,57.6,59.4,71.8,81.9,23.2,71.0,69.0,Medium
STU158,52.8,48.2,37.3,45.7,19.3,55.8,47.5,High
STU159,40.7,57.6,54.2,53.3,8.0,37.0,51.5,High
STU160,48.6,56.2,60.8,69.9,14.2,49.0,63.8,Medium
STU161,41.4,54.4,54.8,66.6,14.8,46.2,58.3,High
STU162,83.2,72.7,76.2,73.5,23.2,73.3,72.3,Low
STU163,62.5,58.9,69.9,66.3,21.8,55.2,67.1,Medium
STU164,57.0,52.5,71.3,63.5,14.8,43.6,71.5,Medium
STU165,30.0,35.0,30.0,26.9,5.9,31.1,37.3,High
STU166,36.6,36.7,39.3,41.9,12.3,41.1,35.0,High
STU167,80.3,80.7,73.2,91.1,24.7,72.7,85.5,Low
STU168,50.8,38.4,30.0,25.0,23.1,46.1,35.0,High
STU169,30.0,35.0,30.0,37.3,10.9,20.0,35.0,High
STU170,68.3,68.6,71.9,71.2,29.4,67.9,70.1,Medium
STU171,59.6,55.1,60.1,54.7,19.3,56.3,61.1,Medium
STU172,87.7,72.4,73.6,68.3,27.4,74.0,74.9,Low
STU173,67.3,69.4,57.8,72.4,25.0,65.5,64.1,Medium
STU174,80.7,69.3,70.0,73.5,25.3,68.7,71.2,Low
STU175,52.1,41.7,47.7,56.7,23.8,53.2,46.3,High
STU176,30.0,35.0,30.0,25.0,11.1,25.4,35.0,High
STU177,85.7,72.1,80.0,83.3,27.8,78.6,88.9,Low
STU178,44.7,48.3,48.7,51.1,14.9,55.3,35.0,High
STU179,47.6,49.1,44.7,53.3,21.2,39.6,43.8,High
STU180,84.0,79.4,89.6,85.6,28.7,74.7,80.0,Low
STU181,30.0,35.3,30.0,41.3,6.2,21.8,38.5,High
STU182,49.5,57.2,45.7,40.3,23.0,56.6,44.0,High
STU183,64.9,64.4,63.9,87.3,30.1,69.2,72.0,Low
STU184,69.0,74.9,76.7,66.9,22.0,80.9,67.0,Medium
STU185,49.3,41.6,45.5,54.0,14.0,54.5,51.1,High
STU186,58.8,68.7,65.4,58.6,15.9,48.8,70.5,Medium
STU187,39.1,35.0,34.9,36.7,14.9,36.1,38.6,High
STU188,64.9,61.9,62.6,70.5,20.0,62.6,61.1,Medium
STU189,56.7,61.3,68.5,76.5,17.9,52.6,82.0,Medium
STU190,71.5,59.4,60.5,53.3,26.1,72.3,61.5,Medium
STU191,42.7,43.8,40.4,61.7,7.2,32.0,43.9,High
STU192,38.7,36.0,35.1,28.1,10.8,29.8,36.6,High
STU193,61.9,65.9,60.5,76.6,15.4,54.3,72.3,Medium
STU194,61.0,53.9,47.2,63.4,23.7,60.4,56.0,Medium
STU195,54.4,62.7,55.7,53.8,21.4,59.9,55.2,Medium
STU196,62.8,73.2,78.5,78.1,17.9,76.6,66.3,Medium
STU197,34.5,49.5,34.3,44.4,13.4,35.3,35.0,High
STU198,51.6,56.3,56.5,64.0,22.5,60.3,57.8,Medium
STU199,30.0,35.0,36.3,29.4,9.9,28.2,36.5,High
STU200,60.8,67.6,57.8,65.5,16.8,67.8,62.9,Medium
STU201,76.6,78.5,72.0,82.3,28.1,86.1,88.5,Low
STU202,54.9,56.9,51.8,36.7,26.2,55.9,51.3,High
STU203,30.0,35.0,30.0,31.8,9.3,28.3,35.0,High
STU204,40.0,35.0,35.9,25.0,18.4,47.3,35.0,High
STU205,30.4,35.0,30.0,36.8,5.9,20.0,35.9,High
STU206,47.2,53.4,43.8,62.3,16.6,56.0,53.9,High
STU207,59.3,59.7,69.4,74.4,15.6,67.9,70.5,Medium
STU208,44.1,40.1,48.3,50.6,11.0,40.8,47.6,High
STU209,64.4,59.5,69.8,61.5,23.4,56.8,59.5,Medium
STU210,73.8,73.4,76.6,78.4,26.0,62.6,64.7,Low
STU211,66.5,67.7,66.2,66.8,22.2,70.6,70.4,Medium
STU212,51.7,51.2,48.1,44.3,21.5,48.7,50.5,High
STU213,50.4,57.5,63.4,52.5,20.9,55.8,53.9,Medium
STU214,74.2,84.8,71.5,72.9,28.2,88.7,79.8,Low
STU215,53.6,59.8,66.0,63.1,13.1,51.3,61.8,Medium
STU216,45.9,36.0,30.8,25.0,18.8,40.9,35.0,High
STU217,43.8,55.0,55.1,53.5,14.1,46.9,52.1,High
STU218,56.9,60.6,48.1,40.1,23.8,51.0,60.0,High
STU219,77.6,79.2,80.7,74.4,30.1,68.9,71.1,Low
STU220,40.1,35.0,39.0,31.9,17.0,42.7,35.0,High
STU221,70.8,71.5,80.7,79.3,22.4,65.0,68.5,Low
STU222,58.6,71.5,71.5,70.7,18.3,67.7,81.2,Medium
STU223,50.1,55.2,52.0,43.3,18.8,67.8,40.4,High
STU224,34.5,35.5,35.9,42.2,9.2,32.5,36.8,High
STU225,59.6,51.6,58.4,56.5,21.7,54.2,61.7,Medium
STU226,62.7,72.1,68.1,74.8,31.5,80.6,79.2,Low
STU227,38.4,35.0,30.0,25.0,14.2,23.6,35.0,High
STU228,45.4,45.3,40.1,45.3,18.6,41.7,41.3,High
STU229,61.1,58.1,68.8,71.3,17.3,54.0,68.8,Medium
STU230,45.2,42.8,48.5,58.4,14.8,42.1,56.8,High
STU231,80.3,73.2,74.3,76.9,24.4,70.7,75.6,Low
STU232,66.8,65.3,56.5,51.0,18.0,53.9,54.6,Medium
STU233,50.3,58.8,49.5,50.7,23.6,59.4,54.9,Medium
STU234,42.6,43.8,45.4,53.5,17.1,52.6,47.4,High
STU235,30.0,35.0,30.0,28.7,6.2,23.1,35.0,High
STU236,30.0,35.0,30.0,31.2,6.1,25.4,35.0,High
STU237,59.2,49.8,64.5,49.1,22.3,61.2,60.4,Medium
STU238,57.4,58.5,62.8,47.6,19.5,47.7,53.9,Medium
STU239,48.8,50.7,34.7,50.5,16.3,35.3,61.7,High
STU240,62.6,61.7,71.7,57.8,17.4,67.4,64.5,Medium
STU241,39.2,35.0,39.2,38.6,14.4,39.1,35.0,High
STU242,34.0,49.9,44.0,40.9,11.3,33.6,54.5,High
STU243,57.3,48.8,49.9,57.9,20.0,54.4,50.5,Medium
STU244,30.0,35.0,30.0,25.0,2.0,20.0,35.0,High
STU245,63.4,64.9,64.7,68.1,14.1,58.5,69.1,Medium
STU246,36.0,52.9,46.5,33.7,20.0,56.2,42.6,High
STU247,64.5,63.6,73.5,40.9,29.0,70.4,57.5,Medium
STU248,52.0,54.1,53.9,57.6,17.0,55.8,58.1,Medium
STU249,63.3,62.7,58.8,73.2,25.8,74.2,58.5,Medium
STU250,47.0,57.4,54.8,69.3,13.9,47.8,59.4,Medium
